model,fraction,train_size,time_sec,pinball_ql,pinball_qh,pinball_sum
NewQRT,0.1,1278,0.06882199994288385,0.05347876682005505,0.06108007449515492,0.11455884131520996
OldQRT,0.1,1278,3.178061250015162,0.06198167118282493,0.06519025829907021,0.12717192948189515
NewQRT,0.25,3195,0.07757295807823539,0.05343705819625082,0.06117412050294603,0.11461117869919685
OldQRT,0.25,3195,9.949229625053704,0.05593755376529954,0.06310874882581252,0.11904630259111207
NewQRT,0.5,6390,0.13456241600215435,0.05330313606582579,0.061059991661814236,0.11436312772764003
OldQRT,0.5,6390,24.371103000012226,0.05606379779113481,0.061927478122219215,0.11799127591335402
NewQRT,1.0,12779,0.7901498340070248,0.07968861404433945,0.07424363919927436,0.15393225324361381
OldQRT,1.0,12779,74.4424412921071,0.32360863329083,0.32904004080264904,0.652648674093479
